"Global_Index", "x_coord", "y_coord", "Pressure", "Pressure_Coefficient", "Mach_Number"
293, 3.536737595471074e-01, -5.938874329681164e-02, 7.940779565521708e+04, -4.828258685097220e-01, 1.019474354104469e+00
292, 3.761043158457168e-01, -5.880514935859987e-02, 8.250575080471346e+04, -4.145793502891715e-01, 9.878244796323591e-01
291, 3.989660111419634e-01, -5.803653009934782e-02, 8.415535557056601e+04, -3.782393207287808e-01, 9.714094987689247e-01
290, 4.221787095780457e-01, -5.709075598546712e-02, 8.485245905326131e+04, -3.628824536220676e-01, 9.641788954006461e-01
289, 4.456572072274746e-01, -5.597779938099665e-02, 8.539290357416497e+04, -3.509767109424021e-01, 9.582332193898490e-01
288, 4.693124030940611e-01, -5.470942300106307e-02, 8.622204546101474e+04, -3.327110988990795e-01, 9.494454456619837e-01
287, 4.930525964196746e-01, -5.329892118800329e-02, 8.733974008775663e+04, -3.080888035371367e-01, 9.380096658085471e-01
286, 5.167848680454782e-01, -5.176074526250803e-02, 8.852913884234698e+04, -2.818868994231130e-01, 9.260327316073269e-01
285, 5.404164855505578e-01, -5.011031086833802e-02, 8.963150066563587e+04, -2.576023786252715e-01, 9.149448314220147e-01
284, 5.638563758446214e-01, -4.836354050646498e-02, 9.063626896503550e+04, -2.354677979927676e-01, 9.047969027486080e-01
283, 5.870164114319917e-01, -4.653653533750571e-02, 9.159260273420354e+04, -2.144002076459338e-01, 8.951351286452959e-01
282, 6.098127451599872e-01, -4.464530685108623e-02, 9.252877588751758e+04, -1.937767463361007e-01, 8.857118475261287e-01
281, 6.321669360369914e-01, -4.270556178141494e-02, 9.344413099571147e+04, -1.736118969257456e-01, 8.765324219728912e-01
280, 6.540069264110646e-01, -4.073238210504949e-02, 9.433155245586812e+04, -1.540624128540560e-01, 8.676498505848350e-01
279, 6.752678372714851e-01, -3.874004619089697e-02, 9.519044577194095e+04, -1.351413905938071e-01, 8.590611911695590e-01
278, 6.958925736343555e-01, -3.674199268880568e-02, 9.602433691917617e+04, -1.167711545421342e-01, 8.507306638875844e-01
277, 7.158321990573211e-01, -3.475055326488645e-02, 9.683666153154087e+04, -9.887601927274171e-02, 8.426230258727708e-01
276, 7.350461355433283e-01, -3.277701208564763e-02, 9.762995606903752e+04, -8.140010774563985e-02, 8.347114541352139e-01
275, 7.535021493395924e-01, -3.083145872662608e-02, 9.840623244765500e+04, -6.429909838270155e-02, 8.269738012327469e-01
164, 0.000000000000000e+00, 0.000000000000000e+00, 1.535254228999463e+05, 1.149951158311883e+00, 9.397425858249318e-02
165, 4.427346676751775e-04, 2.460484914409871e-03, 1.492127723170772e+05, 1.054945461850948e+00, 2.042577769568994e-01
166, 9.240388718906818e-04, 5.135318895522781e-03, 1.440835865019920e+05, 9.419518721139551e-01, 3.253347153730165e-01
327, 4.427346676751775e-04, -2.460484914409871e-03, 1.541596923720191e+05, 1.163923821243943e+00, 2.187865698240961e-02
326, 9.240388718906818e-04, -5.135318895522781e-03, 1.526692375383238e+05, 1.131089791034943e+00, 1.379418595972981e-01
325, 2.027996670775381e-03, -7.862601630618244e-03, 1.470952963036609e+05, 1.008298445235911e+00, 2.520703359911767e-01
324, 3.732057868973646e-03, -1.057700805081221e-02, 1.406903040366865e+05, 8.671994298025831e-01, 3.515474363257434e-01
323, 5.937817251091093e-03, -1.326759148827751e-02, 1.340342999985130e+05, 7.205707412171101e-01, 4.393208611222361e-01
322, 8.651279065227146e-03, -1.589303636730661e-02, 1.274306869943409e+05, 5.750962028643007e-01, 5.153230419218303e-01
321, 1.184208045571502e-02, -1.845847267796354e-02, 1.215594396995605e+05, 4.457553421530902e-01, 5.794992254069944e-01
320, 1.550742208330981e-02, -2.095816503942530e-02, 1.163526318932571e+05, 3.310517758727454e-01, 6.343008671200453e-01
319, 1.964405172953412e-02, -2.340048274336675e-02, 1.118127595060207e+05, 2.310404882190597e-01, 6.814977418193122e-01
318, 2.425976180866218e-02, -2.578933480542115e-02, 1.078195382488058e+05, 1.430716719715069e-01, 7.226329630541669e-01
317, 2.936747285753883e-02, -2.812882736561467e-02, 1.043007895907938e+05, 6.555526750012856e-02, 7.588557476322267e-01
316, 3.498394656446979e-02, -3.042347597056558e-02, 1.011649529677970e+05, -3.525762050223931e-03, 7.911531291044506e-01
315, 4.113081920708319e-02, -3.267308918284396e-02, 9.834889729056752e+04, -6.556216535882770e-02, 8.201714198619952e-01
314, 4.783110562955175e-02, -3.487913936816256e-02, 9.580630753092957e+04, -1.215742410619654e-01, 8.464923989493908e-01
313, 5.511040512442949e-02, -3.704017053710671e-02, 9.348169110264332e+04, -1.727844651527236e-01, 8.706452573458345e-01
312, 6.299565860887343e-02, -3.915324622468128e-02, 9.134210018806967e+04, -2.199186628055569e-01, 8.929397298857424e-01
311, 7.151469083498557e-02, -4.121360486203512e-02, 8.936701390015893e+04, -2.634288996651746e-01, 9.136221107543334e-01
310, 8.069524140971975e-02, -4.321654781480477e-02, 8.753027426138362e+04, -3.038914238706862e-01, 9.329586907516646e-01
309, 9.056504406740368e-02, -4.515476795656112e-02, 8.581224234029827e+04, -3.417388719930062e-01, 9.511249084874053e-01
203, 4.456572072274746e-01, 5.597779938099665e-02, 5.201712617497395e+04, -1.086229640853029e+00, 1.349664972251030e+00
204, 4.693124030940611e-01, 5.470942300106307e-02, 5.164695604841188e+04, -1.094384317427746e+00, 1.354112278203246e+00
205, 4.930525964196746e-01, 5.329892118800329e-02, 5.136021301577910e+04, -1.100701133732969e+00, 1.359666303224836e+00
206, 5.167848680454782e-01, 5.176074526250803e-02, 5.100903624291247e+04, -1.108437395515833e+00, 1.361501066983957e+00
207, 5.404164855505578e-01, 5.011031086833802e-02, 5.092472620134757e+04, -1.110294706713114e+00, 1.368776191591859e+00
208, 5.638563758446214e-01, 4.836354050646498e-02, 5.038041581730083e+04, -1.122285612568714e+00, 1.367467095634117e+00
209, 5.870164114319917e-01, 4.653653533750571e-02, 5.182593539835238e+04, -1.090441485179576e+00, 1.362262812858935e+00
210, 6.098127451599872e-01, 4.464530685108623e-02, 5.369423858957950e+04, -1.049283630521053e+00, 1.296251550916549e+00
211, 6.321669360369914e-01, 4.270556178141494e-02, 7.390466444251062e+04, -6.040573022956842e-01, 9.776785924940461e-01
212, 6.540069264110646e-01, 4.073238210504949e-02, 1.004598101465130e+05, -1.905973206546669e-02, 7.469108310208834e-01
213, 6.752678372714851e-01, 3.874004619089697e-02, 1.030049454451982e+05, 3.700842068481527e-02, 7.355312179530347e-01
214, 6.958925736343555e-01, 3.674199268880568e-02, 1.013344935573866e+05, 2.091386756404295e-04, 7.500864593879492e-01
215, 7.158321990573211e-01, 3.475055326488645e-02, 1.007347557467681e+05, -1.300280773571344e-02, 7.543238639203380e-01
216, 7.350461355433283e-01, 3.277701208564763e-02, 1.012010609795021e+05, -2.730319263022600e-03, 7.502487053484137e-01
217, 7.535021493395924e-01, 3.083145872662608e-02, 1.016570507109447e+05, 7.314923490198553e-03, 7.460743323422271e-01
218, 7.711761867760923e-01, 2.892289883533425e-02, 1.019912349084663e+05, 1.467684670231610e-02, 7.424874475857848e-01
219, 7.880520309742998e-01, 2.705911995273880e-02, 1.023911183900696e+05, 2.348609473735451e-02, 7.381848719501478e-01
220, 8.041208555728429e-01, 2.524679411169117e-02, 1.028716259826889e+05, 3.407145462551801e-02, 7.331386131112931e-01
238, 9.731020358451782e-01, 3.842544268587139e-03, 1.140841955607990e+05, 2.810791732931283e-01, 6.107409319773781e-01
239, 9.774962952126542e-01, 3.223806116823209e-03, 1.148625263977204e+05, 2.982254414217076e-01, 6.018502515414047e-01
240, 9.815514946996549e-01, 2.649735016841728e-03, 1.157138126576576e+05, 3.169788837558067e-01, 5.924009986315406e-01
241, 9.852912954899031e-01, 2.117667682649262e-03, 1.165998678407860e+05, 3.364982693768727e-01, 5.818539337185452e-01
242, 9.887381035378183e-01, 1.625014501711555e-03, 1.176800821823891e+05, 3.602948914029523e-01, 5.707863596858588e-01
243, 9.919130722634736e-01, 1.169285965277531e-03, 1.187309922435586e+05, 3.834459536930014e-01, 5.552942585249505e-01
244, 9.948361091923020e-01, 7.480493846556965e-04, 1.204476617024582e+05, 4.212633874039123e-01, 5.360024602665259e-01
245, 9.975259116761542e-01, 3.590082006097834e-04, 1.219144158719494e+05, 4.535753029490815e-01, 5.183306843822320e-01
246, 1.000000000000001e+00, -1.332267629550188e-16, 1.213871041005130e+05, 4.419588686623893e-01, 5.328524076883124e-01
255, 9.683438084059676e-01, -4.508613810228585e-03, 1.128567979923700e+05, 2.540401728959599e-01, 6.823264545564112e-01
254, 9.731020358451782e-01, -3.842544268587139e-03, 1.136712546010927e+05, 2.719822750584368e-01, 6.739722766266603e-01
253, 9.774962952126542e-01, -3.223806116823209e-03, 1.145415637960966e+05, 2.911547838483080e-01, 6.651983901826134e-01
252, 9.815514946996549e-01, -2.649735016841728e-03, 1.154524779131107e+05, 3.112218002782492e-01, 6.555662515287485e-01
251, 9.852912954899031e-01, -2.117667682649262e-03, 1.164934914999544e+05, 3.341548478189530e-01, 6.452295687189991e-01
250, 9.887381035378183e-01, -1.625014501711555e-03, 1.175861585293595e+05, 3.582257967942506e-01, 6.333270961225373e-01
249, 9.919130722634736e-01, -1.169285965277531e-03, 1.190914206900588e+05, 3.913860255643703e-01, 6.198670010758974e-01
248, 9.948361091923020e-01, -7.480493846556965e-04, 1.201533787511839e+05, 4.147804701804647e-01, 5.911434403931358e-01
247, 9.975259116761542e-01, -3.590082006097834e-04, 1.241928267839784e+05, 5.037676409004432e-01, 5.986689679876285e-01
274, 7.711761867760923e-01, -2.892289883533425e-02, 9.916749768785950e+04, -4.752877745189840e-02, 8.193890851895393e-01
273, 7.880520309742998e-01, -2.705911995273880e-02, 9.991565004699578e+04, -3.104732722243261e-02, 8.119366009718364e-01
272, 8.041208555728429e-01, -2.524679411169117e-02, 1.006526584704320e+05, -1.481137273906555e-02, 8.045956356124269e-01
271, 8.193806719512384e-01, -2.349151990280357e-02, 1.013802620151885e+05, 1.217396619534919e-03, 7.973491810475321e-01
270, 8.338357041868825e-01, -2.179787348817058e-02, 1.020997769100173e+05, 1.706797676362501e-02, 7.901823668245898e-01
269, 8.474957095240201e-01, -2.016939985898123e-02, 1.028126561512838e+05, 3.277237653069678e-02, 7.830793883384674e-01
268, 8.603752970440443e-01, -1.860878837769058e-02, 1.035201972709919e+05, 4.835917995029897e-02, 7.760285862706467e-01
267, 8.724932209477876e-01, -1.711785307408165e-02, 1.042232634228231e+05, 6.384740189857452e-02, 7.690186951817908e-01
266, 8.838717076531262e-01, -1.569766929733122e-02, 1.049232899612516e+05, 7.926866257030923e-02, 7.620353354054813e-01
265, 8.945357964427012e-01, -1.434857915935154e-02, 1.056214229349514e+05, 9.464820888740651e-02, 7.550669726767473e-01
264, 9.045127432685455e-01, -1.307037860360324e-02, 1.063186921217371e+05, 1.100087263785445e-01, 7.481010427808920e-01
263, 9.138314471011447e-01, -1.186229770218996e-02, 1.070164301662751e+05, 1.253795725889791e-01, 7.411251823591090e-01
262, 9.225219421660158e-01, -1.072308286776036e-02, 1.077157315174213e+05, 1.407848577204993e-01, 7.341237917780424e-01
261, 9.306149549875635e-01, -9.651145371809467e-03, 1.084186501502561e+05, 1.562698298935561e-01, 7.270810783901672e-01
260, 9.381414967679971e-01, -8.644547125961504e-03, 1.091264930986564e+05, 1.718632824595629e-01, 7.199742505079018e-01
259, 9.451325223627520e-01, -7.701075222483401e-03, 1.098426812405420e+05, 1.876405757759238e-01, 7.127771759779814e-01
258, 9.516186443208994e-01, -6.818330593416354e-03, 1.105691195154222e+05, 2.036436747784315e-01, 7.054550024561234e-01
257, 9.576298927366933e-01, -5.993787505663733e-03, 1.113108230359773e+05, 2.199830600784531e-01, 6.979793224598836e-01
256, 9.631955123838737e-01, -5.224792106267567e-03, 1.120695576373415e+05, 2.366976322067750e-01, 6.902824836645026e-01
167, 2.027996670775381e-03, 7.862601630618244e-03, 1.333229262393709e+05, 7.048995065245082e-01, 4.473942362896062e-01
168, 3.732057868973646e-03, 1.057700805081221e-02, 1.241960485675311e+05, 5.038386153010793e-01, 5.469665191793301e-01
169, 5.937817251091093e-03, 1.326759148827751e-02, 1.160279263860236e+05, 3.238986638209705e-01, 6.336242865317369e-01
170, 8.651279065227146e-03, 1.589303636730661e-02, 1.084185390815295e+05, 1.562673831009109e-01, 7.097140195945646e-01
171, 1.184208045571502e-02, 1.845847267796354e-02, 1.020479634915378e+05, 1.592655113359242e-02, 7.736517959895102e-01
172, 1.550742208330981e-02, 2.095816503942530e-02, 9.672296128789050e+04, -1.013807830202825e-01, 8.275755548889615e-01
173, 1.964405172953412e-02, 2.340048274336675e-02, 9.227417494834521e+04, -1.993854871976398e-01, 8.736753532503579e-01
174, 2.425976180866218e-02, 2.578933480542115e-02, 8.847909751032585e+04, -2.829892868085841e-01, 9.136674278869831e-01
175, 2.936747285753883e-02, 2.812882736561467e-02, 8.522047327288846e+04, -3.547752706793808e-01, 9.486483549912035e-01
176, 3.498394656446979e-02, 3.042347597056558e-02, 8.238326314805260e+04, -4.172776966785492e-01, 9.796110595216451e-01
177, 4.113081920708319e-02, 3.267308918284396e-02, 7.988159156542514e+04, -4.723883638789356e-01, 1.007239670186542e+00
178, 4.783110562955175e-02, 3.487913936816256e-02, 7.765502593098435e+04, -5.214385743588444e-01, 1.032183671132156e+00
179, 5.511040512442949e-02, 3.704017053710671e-02, 7.563785432946330e+04, -5.658759312003607e-01, 1.055049703216822e+00
180, 6.299565860887343e-02, 3.915324622468128e-02, 7.379238288464941e+04, -6.065308130518526e-01, 1.076163935181779e+00
181, 7.151469083498557e-02, 4.121360486203512e-02, 7.209682127548364e+04, -6.438832506017665e-01, 1.095773930671821e+00
182, 8.069524140971975e-02, 4.321654781480477e-02, 7.052195109987250e+04, -6.785769117260471e-01, 1.114194859053734e+00
183, 9.056504406740368e-02, 4.515476795656112e-02, 6.904270156555285e+04, -7.111640943755758e-01, 1.131659200458234e+00
184, 1.011508076807303e-01, 4.702051371649987e-02, 6.764853289089294e+04, -7.418769850619262e-01, 1.148274023079874e+00
185, 1.124778126476193e-01, 4.880444531431158e-02, 6.633294090534949e+04, -7.708588676520589e-01, 1.164103556812820e+00
186, 1.245690847483771e-01, 5.049696311280286e-02, 6.508989627572535e+04, -7.982425655659529e-01, 1.179208083421915e+00
221, 8.193806719512384e-01, 2.349151990280357e-02, 1.033835214701819e+05, 4.534827531153963e-02, 7.277369513900689e-01
222, 8.338357041868825e-01, 2.179787348817058e-02, 1.039124769808554e+05, 5.700092041290932e-02, 7.220996201693195e-01
223, 8.474957095240201e-01, 2.016939985898123e-02, 1.044613612683823e+05, 6.909258724538955e-02, 7.162242559893209e-01
224, 8.603752970440443e-01, 1.860878837769058e-02, 1.050281016472265e+05, 8.157761550585299e-02, 7.101425980823683e-01
225, 8.724932209477876e-01, 1.711785307408165e-02, 1.056080805614374e+05, 9.435428257369816e-02, 7.038979817276009e-01
226, 8.838717076531262e-01, 1.569766929733122e-02, 1.061989669662527e+05, 1.073712366116089e-01, 6.975146315353105e-01
227, 8.945357964427012e-01, 1.434857915935154e-02, 1.067995796508239e+05, 1.206024560912536e-01, 6.910076060634542e-01
228, 9.045127432685455e-01, 1.307037860360324e-02, 1.074088067171626e+05, 1.340234464145289e-01, 6.843899757698841e-01
229, 9.138314471011447e-01, 1.186229770218996e-02, 1.080258956584578e+05, 1.476176302046505e-01, 6.776677183732783e-01
230, 9.225219421660158e-01, 1.072308286776036e-02, 1.086509412734404e+05, 1.613870958337818e-01, 6.708424282972493e-01
231, 9.306149549875635e-01, 9.651145371809467e-03, 1.092839860915971e+05, 1.753327802068380e-01, 6.639099880859414e-01
232, 9.381414967679971e-01, 8.644547125961504e-03, 1.099260881260764e+05, 1.894779908638316e-01, 6.568624865125336e-01
233, 9.451325223627520e-01, 7.701075222483401e-03, 1.105779329807494e+05, 2.038378313407492e-01, 6.496833962618150e-01
234, 9.516186443208994e-01, 6.818330593416354e-03, 1.112420962192471e+05, 2.184690401124180e-01, 6.423559973321091e-01
235, 9.576298927366933e-01, 5.993787505663733e-03, 1.119196533300673e+05, 2.333953096927160e-01, 6.348423801985477e-01
236, 9.631955123838737e-01, 5.224792106267567e-03, 1.126165914295832e+05, 2.487485334845259e-01, 6.271152092788375e-01
237, 9.683438084059676e-01, 4.508613810228585e-03, 1.133329942908496e+05, 2.645305569694765e-01, 6.190884157677803e-01
187, 1.374448948550168e-01, 5.208732262868053e-02, 6.391200034644978e+04, -8.241910677617597e-01, 1.193660663436344e+00
188, 1.511219750134453e-01, 5.356442610459182e-02, 6.279063738547250e+04, -8.488941748292159e-01, 1.207554227972311e+00
189, 1.656128212146953e-01, 5.491656903039008e-02, 6.171737833156368e+04, -8.725375750862745e-01, 1.220986394579603e+00
190, 1.809249422291764e-01, 5.613248285051262e-02, 6.068835527112853e+04, -8.952064768793720e-01, 1.233985963902115e+00
191, 1.970602213026680e-01, 5.720063766998718e-02, 5.970765637318048e+04, -9.168108197371329e-01, 1.246493127667204e+00
192, 2.140141832654562e-01, 5.811032570815660e-02, 5.878281026567672e+04, -9.371847514698829e-01, 1.258393723989562e+00
193, 2.317754172709876e-01, 5.885153041965141e-02, 5.792008414025771e+04, -9.561902087462172e-01, 1.269605039063543e+00
194, 2.503250306242245e-01, 5.941558505186320e-02, 5.711836667741932e+04, -9.738516734204969e-01, 1.280108407820332e+00
195, 2.696362437776511e-01, 5.979515852467869e-02, 5.637014757949202e+04, -9.903345938746425e-01, 1.290022399676803e+00
196, 2.896740908065431e-01, 5.998470344878197e-02, 5.566261505515371e+04, -1.005921207942227e+00, 1.299449867169232e+00
197, 3.103953205029068e-01, 5.998066259920054e-02, 5.499354747073456e+04, -1.020660457184833e+00, 1.308476170225708e+00
198, 3.317483950044012e-01, 5.978170122586893e-02, 5.436352273953072e+04, -1.034539610440002e+00, 1.316965418897263e+00
199, 3.536737595471074e-01, 5.938874329681164e-02, 5.378645181046068e+04, -1.047252215940998e+00, 1.324904584693273e+00
200, 3.761043158457168e-01, 5.880514935859987e-02, 5.325871679728322e+04, -1.058877974047371e+00, 1.332053777238260e+00
201, 3.989660111419634e-01, 5.803653009934782e-02, 5.279531933776498e+04, -1.069086405621828e+00, 1.338640371026332e+00
202, 4.221787095780457e-01, 5.709075598546712e-02, 5.237298084677952e+04, -1.078390327121455e+00, 1.344221652983364e+00
308, 1.011508076807303e-01, -4.702051371649987e-02, 8.420435517402248e+04, -3.771598821414807e-01, 9.682119803630155e-01
307, 1.124778126476193e-01, -4.880444531431158e-02, 8.269916166840444e+04, -4.103185984719334e-01, 9.842957734879808e-01
306, 1.245690847483771e-01, -5.049696311280286e-02, 8.128900928462118e+04, -4.413836028730662e-01, 9.994580266301746e-01
305, 1.374448948550168e-01, -5.208732262868053e-02, 7.996746990433909e+04, -4.704965038168576e-01, 1.013748275669362e+00
304, 1.511219750134453e-01, -5.356442610459182e-02, 7.873356779216263e+04, -4.976787963025043e-01, 1.027167255961922e+00
303, 1.656128212146953e-01, -5.491656903039008e-02, 7.758762805457554e+04, -5.229233183846280e-01, 1.039701464232755e+00
302, 1.809249422291764e-01, -5.613248285051262e-02, 7.652795424941574e+04, -5.462674418989518e-01, 1.051354540421601e+00
301, 1.970602213026680e-01, -5.720063766998718e-02, 7.554550235430697e+04, -5.679104024728822e-01, 1.062216330750700e+00
300, 2.140141832654562e-01, -5.811032570815660e-02, 7.461791419068015e+04, -5.883447404330091e-01, 1.072542679241777e+00
299, 2.317754172709876e-01, -5.885153041965141e-02, 7.371556911918285e+04, -6.082229847559378e-01, 1.082707675310905e+00
298, 2.503250306242245e-01, -5.941558505186320e-02, 7.284292303398607e+04, -6.274469741552537e-01, 1.092722177261627e+00
297, 2.696362437776511e-01, -5.979515852467869e-02, 7.213638938828727e+04, -6.430115833886876e-01, 1.101006761681381e+00
296, 2.896740908065431e-01, -5.998470344878197e-02, 7.198456689993251e+04, -6.463561625442239e-01, 1.102789283853298e+00
295, 3.103953205029068e-01, -5.998066259920054e-02, 7.302031998698252e+04, -6.235390013794340e-01, 1.090449461010027e+00
294, 3.317483950044012e-01, -5.978170122586893e-02, 7.570365703345921e+04, -5.644263280845930e-01, 1.059573216370102e+00
